Success,,001Ik000002pPLZIA2,,Net 60,75000000,,11-07-2024-10-47
Error,Account Not found,,,null,0,,11-07-2024-10-47
Error,Account Not found,,,null,0,,11-07-2024-10-47
Error,Account Not found,,,null,0,,11-07-2024-10-47
Error,Account Not found,,,null,0,,11-07-2024-10-47
Error,Account Not found,,,null,0,,11-07-2024-10-47
Error,Account Not found,,,null,0,,11-07-2024-10-47
Error,Account Not found,,,null,0,,11-07-2024-10-47
Error,Account Not found,,,null,0,,11-07-2024-10-47
Error,Account Not found,,,null,0,,11-07-2024-10-47
Error,Account Not found,,,null,0,,11-07-2024-10-47
Error,Account Not found,,,null,0,,11-07-2024-10-47
Error,Account Not found,,,null,0,,11-07-2024-10-47
Error,Account Not found,,,null,0,,11-07-2024-10-47
Error,Account Not found,,,null,0,,11-07-2024-10-47
Error,Account Not found,,,null,0,,11-07-2024-10-47
Error,Account Not found,,,null,0,,11-07-2024-10-47
Error,Account Not found,,,null,0,,11-07-2024-10-47
Error,Account Not found,,,null,0,,11-07-2024-10-47
Error,Account Not found,,,null,0,,11-07-2024-10-47
Error,Account Not found,,,null,0,,11-07-2024-10-47
Error,Account Not found,,,null,0,,11-07-2024-10-47
Error,Account Not found,,,null,0,,11-07-2024-10-47
Error,Account Not found,,,null,0,,11-07-2024-10-47
Error,Account Not found,,,null,0,,11-07-2024-10-47
Error,Account Not found,,,null,0,,11-07-2024-10-47
Error,Account Not found,,,null,0,,11-07-2024-10-47
Error,Account Not found,,,null,0,,11-07-2024-10-47
Error,Account Not found,,,null,0,,11-07-2024-10-47
Error,Account Not found,,,null,0,,11-07-2024-10-47
Error,Account Not found,,,null,0,,11-07-2024-10-47
Error,Account Not found,,,null,0,,11-07-2024-10-47
Error,Account Not found,,,null,0,,11-07-2024-10-47
Error,Account Not found,,,null,0,,11-07-2024-10-47
Error,Account Not found,,,null,0,,11-07-2024-10-47
Error,Account Not found,,,null,0,,11-07-2024-10-47
Error,Account Not found,,,null,0,,11-07-2024-10-47
Error,Account Not found,,,null,0,,11-07-2024-10-47
Error,Account Not found,,,null,0,,11-07-2024-10-47
Error,Account Not found,,,null,0,,11-07-2024-10-47
Error,Account Not found,,,null,0,,11-07-2024-10-47
Error,Account Not found,,,null,0,,11-07-2024-10-47
Error,Account Not found,,,null,0,,11-07-2024-10-47
Error,Account Not found,,,null,0,,11-07-2024-10-47
Error,Account Not found,,,null,0,,11-07-2024-10-47
Error,Account Not found,,,Net 30,30000000,,11-07-2024-10-47
Error,Account Not found,,,Net 30,30000000,,11-07-2024-10-47
Error,Account Not found,,,null,30000000,,11-07-2024-10-47
Error,Account Not found,,,Net 30,30000000,,11-07-2024-10-47
Error,Account Not found,,,null,0,,11-07-2024-10-47
Error,Account Not found,,,null,30000000,,11-07-2024-10-47
Error,Account Not found,,,null,30000000,,11-07-2024-10-47
Error,Account Not found,,,Net 30,30000000,,11-07-2024-10-47
Error,Account Not found,,,Net 30,30000000,,11-07-2024-10-47
Error,Account Not found,,,Net 30,30000000,,11-07-2024-10-47
Error,Account Not found,,,Net 30,30000000,,11-07-2024-10-47
Error,Account Not found,,,null,0,,11-07-2024-10-47
Error,Account Not found,,,null,0,,11-07-2024-10-47
Error,Account Not found,,,Net 30,30000000,,11-07-2024-10-47
Error,Account Not found,,,Net 30,30000000,,11-07-2024-10-47
Error,Account Not found,,,null,30000000,,11-07-2024-10-47
Error,Account Not found,,,null,0,,11-07-2024-10-47
Error,Account Not found,,,null,0,,11-07-2024-10-47
Error,Account Not found,,,Net 30,30000000,,11-07-2024-10-47
Error,Account Not found,,,null,30000000,,11-07-2024-10-47
Error,Account Not found,,,Net 30,30000000,,11-07-2024-10-47
Error,Account Not found,,,Net 30,30000000,,11-07-2024-10-47
Error,Account Not found,,,Net 30,30000000,,11-07-2024-10-47
Error,Account Not found,,,Net 30,30000000,,11-07-2024-10-47
Error,Account Not found,,,Net 30,30000000,,11-07-2024-10-47
Error,Account Not found,,,Net 30,30000000,,11-07-2024-10-47
Error,Account Not found,,,Net 30,30000000,,11-07-2024-10-47
Error,Account Not found,,,Net 30,30000000,,11-07-2024-10-47
Error,Account Not found,,,Net 30,30000000,,11-07-2024-10-47
Error,Account Not found,,,Net 30,30000000,,11-07-2024-10-47
Error,Account Not found,,,Net 30,30000000,,11-07-2024-10-47
Error,Account Not found,,,Net 30,30000000,,11-07-2024-10-47
Error,Account Not found,,,Net 30,30000000,,11-07-2024-10-47
Error,Account Not found,,,Net 30,30000000,,11-07-2024-10-47
Error,Account Not found,,,null,30000000,,11-07-2024-10-47
Error,Account Not found,,,null,30000000,,11-07-2024-10-47
Error,Account Not found,,,null,30000000,,11-07-2024-10-47
Error,Account Not found,,,null,0,,11-07-2024-10-47
Error,Account Not found,,,null,0,,11-07-2024-10-47
Error,Account Not found,,,null,30000000,,11-07-2024-10-47
Error,Account Not found,,,null,30000000,,11-07-2024-10-47
Error,Account Not found,,,Net 30,30000000,,11-07-2024-10-47
Error,Account Not found,,,Net 30,30000000,,11-07-2024-10-47
Error,Account Not found,,,null,30000000,,11-07-2024-10-47
Error,Account Not found,,,null,0,,11-07-2024-10-47
Error,Account Not found,,,Net 30,30000000,,11-07-2024-10-47
Error,Account Not found,,,Net 30,30000000,,11-07-2024-10-47
Error,Account Not found,,,Net 30,30000000,,11-07-2024-10-47
Error,Account Not found,,,null,0,,11-07-2024-10-47
Error,Account Not found,,,null,30000000,,11-07-2024-10-47
Error,Account Not found,,,null,30000000,,11-07-2024-10-47
Error,Account Not found,,,null,30000000,,11-07-2024-10-47
Error,Account Not found,,,Net 45,200000000,,11-07-2024-10-47
Error,Account Not found,,,null,0,,11-07-2024-10-47
Error,Account Not found,,,Net 30,30000000,,11-07-2024-10-47
Error,Account Not found,,,Net 30,30000000,,11-07-2024-10-47
Error,Account Not found,,,Net 30,30000000,,11-07-2024-10-47
Error,Account Not found,,,Net 30,30000000,,11-07-2024-10-47
Error,Account Not found,,,Net 30,30000000,,11-07-2024-10-47
Error,Account Not found,,,null,30000000,,11-07-2024-10-47
Error,Account Not found,,,null,30000000,,11-07-2024-10-47
Error,Account Not found,,,null,30000000,,11-07-2024-10-47
Error,Account Not found,,,null,0,,11-07-2024-10-47
Error,Account Not found,,,Net 30,30000000,,11-07-2024-10-47
Error,Account Not found,,,Net 30,30000000,,11-07-2024-10-47
Error,Account Not found,,,Net 30,30000000,,11-07-2024-10-47
Error,Account Not found,,,Net 30,30000000,,11-07-2024-10-47
Error,Account Not found,,,null,0,,11-07-2024-10-47
Error,Account Not found,,,null,30000000,,11-07-2024-10-47
Error,Account Not found,,,null,30000000,,11-07-2024-10-47
Error,Account Not found,,,null,30000000,,11-07-2024-10-47
Error,Account Not found,,,Net 30,30000000,,11-07-2024-10-47
Error,Account Not found,,,Net 30,30000000,,11-07-2024-10-47
Error,Account Not found,,,Net 30,30000000,,11-07-2024-10-47
Error,Account Not found,,,Net 30,30000000,,11-07-2024-10-47
Error,Account Not found,,,null,30000000,,11-07-2024-10-47
Error,Account Not found,,,null,30000000,,11-07-2024-10-47
Error,Account Not found,,,null,30000000,,11-07-2024-10-47
Error,Account Not found,,,null,30000000,,11-07-2024-10-47
Error,Account Not found,,,Net 30,30000000,,11-07-2024-10-47
Error,Account Not found,,,Net 30,30000000,,11-07-2024-10-47
Error,Account Not found,,,null,0,,11-07-2024-10-47
Error,Account Not found,,,null,0,,11-07-2024-10-47
Error,Account Not found,,,Net 30,30000000,,11-07-2024-10-47
Error,Account Not found,,,Net 30,30000000,,11-07-2024-10-47
Error,Account Not found,,,Net 30,30000000,,11-07-2024-10-47
Error,Account Not found,,,Net 30,30000000,,11-07-2024-10-47
Error,Account Not found,,,Net 30,30000000,,11-07-2024-10-47
Error,Account Not found,,,Net 30,30000000,,11-07-2024-10-47
Error,Account Not found,,,Net 30,30000000,,11-07-2024-10-47
Error,Account Not found,,,Net 30,30000000,,11-07-2024-10-47
Error,Account Not found,,,Net 30,30000000,,11-07-2024-10-47
Error,Account Not found,,,Net 30,30000000,,11-07-2024-10-47
Error,Account Not found,,,Net 30,30000000,,11-07-2024-10-47
Error,Account Not found,,,null,0,,11-07-2024-10-47
Error,Account Not found,,,null,30000000,,11-07-2024-10-47
Error,Account Not found,,,null,30000000,,11-07-2024-10-47
Error,Account Not found,,,null,0,,11-07-2024-10-47
Error,Account Not found,,,null,30000000,,11-07-2024-10-47
Error,Account Not found,,,null,30000000,,11-07-2024-10-47
Error,Account Not found,,,null,30000000,,11-07-2024-10-47
Error,Account Not found,,,null,30000000,,11-07-2024-10-47
Error,Account Not found,,,null,30000000,,11-07-2024-10-47
Error,Account Not found,,,null,0,,11-07-2024-10-47
Error,Account Not found,,,null,30000000,,11-07-2024-10-47
Error,Account Not found,,,null,0,,11-07-2024-10-47
Error,Account Not found,,,Net 30,30000000,,11-07-2024-10-47
Error,Account Not found,,,Net 30,30000000,,11-07-2024-10-47
Error,Account Not found,,,null,30000000,,11-07-2024-10-47
Error,Account Not found,,,null,30000000,,11-07-2024-10-47
Error,Account Not found,,,null,30000000,,11-07-2024-10-47
Error,Account Not found,,,null,30000000,,11-07-2024-10-47
Error,Account Not found,,,null,30000000,,11-07-2024-10-47
Error,Account Not found,,,null,0,,11-07-2024-10-47
Error,Account Not found,,,null,0,,11-07-2024-10-47
Error,Account Not found,,,null,0,,11-07-2024-10-47
Error,Account Not found,,,null,0,,11-07-2024-10-47
Error,Account Not found,,,Net 45,0,,11-07-2024-10-47
Error,Account Not found,,,null,80000000,,11-07-2024-10-47
Error,Account Not found,,,null,80000000,,11-07-2024-10-47
Error,Account Not found,,,null,80000000,,11-07-2024-10-47
Error,Account Not found,,,null,80000000,,11-07-2024-10-47
Error,Account Not found,,,null,80000000,,11-07-2024-10-47
Error,Account Not found,,,null,80000000,,11-07-2024-10-47
Error,Account Not found,,,null,80000000,,11-07-2024-10-47
Error,Account Not found,,,null,80000000,,11-07-2024-10-47
Error,Account Not found,,,null,80000000,,11-07-2024-10-47
Error,Account Not found,,,null,80000000,,11-07-2024-10-47
Error,Account Not found,,,null,80000000,,11-07-2024-10-47
Error,Account Not found,,,null,80000000,,11-07-2024-10-47
Error,Account Not found,,,null,80000000,,11-07-2024-10-47
Error,Account Not found,,,null,80000000,,11-07-2024-10-47
Error,Account Not found,,,null,80000000,,11-07-2024-10-47
Error,Account Not found,,,null,80000000,,11-07-2024-10-47
Error,Account Not found,,,null,80000000,,11-07-2024-10-47
Error,Account Not found,,,null,80000000,,11-07-2024-10-47
Error,Account Not found,,,null,80000000,,11-07-2024-10-47
Error,Account Not found,,,null,80000000,,11-07-2024-10-47
Error,Account Not found,,,null,80000000,,11-07-2024-10-47
Error,Account Not found,,,null,80000000,,11-07-2024-10-47
Error,Account Not found,,,null,80000000,,11-07-2024-10-47
Error,Account Not found,,,null,80000000,,11-07-2024-10-47
Error,Account Not found,,,null,80000000,,11-07-2024-10-47
Error,Account Not found,,,null,80000000,,11-07-2024-10-47
Error,Account Not found,,,null,80000000,,11-07-2024-10-47
Error,Account Not found,,,null,80000000,,11-07-2024-10-47
Error,Account Not found,,,null,80000000,,11-07-2024-10-47
Error,Account Not found,,,null,80000000,,11-07-2024-10-47
Error,Account Not found,,,null,80000000,,11-07-2024-10-47
Error,Account Not found,,,null,80000000,,11-07-2024-10-47
Error,Account Not found,,,null,80000000,,11-07-2024-10-47
Error,Account Not found,,,null,80000000,,11-07-2024-10-47
Error,Account Not found,,,null,80000000,,11-07-2024-10-47
Error,Account Not found,,,null,80000000,,11-07-2024-10-47
Error,Account Not found,,,null,80000000,,11-07-2024-10-47
Error,Account Not found,,,null,80000000,,11-07-2024-10-47
Error,Account Not found,,,null,80000000,,11-07-2024-10-47
Error,Account Not found,,,null,80000000,,11-07-2024-10-47
Error,Account Not found,,,null,80000000,,11-07-2024-10-47
Error,Account Not found,,,null,80000000,,11-07-2024-10-47
Error,Account Not found,,,null,80000000,,11-07-2024-10-47
Error,Account Not found,,,null,100000000,,11-07-2024-10-47
Error,Account Not found,,,Net 30,800000000,,11-07-2024-10-47
Error,Account Not found,,,null,800000000,,11-07-2024-10-47
Error,Account Not found,,,null,0,,11-07-2024-10-47
Error,Account Not found,,,null,0,,11-07-2024-10-47
Error,Account Not found,,,null,0,,11-07-2024-10-47
Error,Account Not found,,,null,0,,11-07-2024-10-47
Error,Account Not found,,,null,0,,11-07-2024-10-47
Error,Account Not found,,,null,0,,11-07-2024-10-47
Error,Account Not found,,,null,0,,11-07-2024-10-47
Error,Account Not found,,,null,0,,11-07-2024-10-47
Error,Account Not found,,,null,0,,11-07-2024-10-47
Error,Account Not found,,,null,0,,11-07-2024-10-47
Error,Account Not found,,,null,0,,11-07-2024-10-47
Error,Account Not found,,,null,0,,11-07-2024-10-47
Error,Account Not found,,,null,0,,11-07-2024-10-47
Error,Account Not found,,,null,0,,11-07-2024-10-47
Error,Account Not found,,,null,0,,11-07-2024-10-47
Error,Account Not found,,,null,0,,11-07-2024-10-47
Error,Account Not found,,,null,0,,11-07-2024-10-47
Error,Account Not found,,,null,0,,11-07-2024-10-47
Error,Account Not found,,,null,0,,11-07-2024-10-47
Error,Account Not found,,,null,0,,11-07-2024-10-47
Error,Account Not found,,,null,0,,11-07-2024-10-47
Error,Account Not found,,,null,0,,11-07-2024-10-47
Error,Account Not found,,,null,0,,11-07-2024-10-47
Error,Account Not found,,,null,0,,11-07-2024-10-47
Error,Account Not found,,,null,0,,11-07-2024-10-47
Error,Account Not found,,,null,0,,11-07-2024-10-47
Error,Account Not found,,,null,0,,11-07-2024-10-47
Error,Account Not found,,,null,0,,11-07-2024-10-47
Error,Account Not found,,,null,0,,11-07-2024-10-47
Error,Account Not found,,,null,0,,11-07-2024-10-47
Error,Account Not found,,,null,0,,11-07-2024-10-47
Error,Account Not found,,,null,0,,11-07-2024-10-47
Error,Account Not found,,,null,0,,11-07-2024-10-47
Error,Account Not found,,,null,0,,11-07-2024-10-47
Error,Account Not found,,,null,0,,11-07-2024-10-47
Error,Account Not found,,,null,0,,11-07-2024-10-47
Error,Account Not found,,,null,0,,11-07-2024-10-47
Error,Account Not found,,,null,0,,11-07-2024-10-47
Error,Account Not found,,,null,0,,11-07-2024-10-47
Error,Account Not found,,,null,0,,11-07-2024-10-47
Error,Account Not found,,,null,0,,11-07-2024-10-47
Error,Account Not found,,,null,0,,11-07-2024-10-47
Error,Account Not found,,,null,0,,11-07-2024-10-47
Error,Account Not found,,,null,0,,11-07-2024-10-47
Error,Account Not found,,,null,0,,11-07-2024-10-47
Error,Account Not found,,,null,0,,11-07-2024-10-47
Error,Account Not found,,,null,0,,11-07-2024-10-47